    {
  "localizedResources":[
    {
    "locale": "en-US",
    "strings":{
      "creditCardBrands.VISA.label" : "Visa",
      "creditCardBrands.VISA.errorLabel" : "",
      "creditCardBrands.DANKORT_VISA.label" : "Dakort Visa",
      "creditCardBrands.DANKORT_VISA.errorLabel" : "",
      "creditCardBrands.MASTERCARD.label" : "Mastercard",
      "creditCardBrands.MASTERCARD.errorLabel" : "",
      "creditCardBrands.DINNERS_CLUB_MASTERCARD.label" : "Dinner's Club",
      "creditCardBrands.DINNERS_CLUB_MASTERCARD.errorLabel" : "",
      "creditCardBrands.MAESTRO.label" : "Maestro",
      "creditCardBrands.MAESTRO.errorLabel" : "",
      "creditCardBrands.AMEX.label" : "American Express",
      "creditCardBrands.AMEX.errorLabel" : "",
      "creditCardBrands.DISCOVER.label" : "Discover",
      "creditCardBrands.DISCOVER.errorLabel" : "",
      "creditCardBrands.DINNERS_CLUB_INTERNATIONAL.label" : "Dinner's Club International",
      "creditCardBrands.DINNERS_CLUB_INTERNATIONAL.errorLabel" : "",
      "creditCardBrands.DINNERS_CLUB_INTERNATIONAL_2.label" : "Dinner's Club International",
      "creditCardBrands.DINNERS_CLUB_INTERNATIONAL_2.errorLabel" : "",
      "creditCardBrands.JCB.label" : "JCB",
      "creditCardBrands.JCB.errorLabel" : "",
      "creditCardBrands.DANKORT.label" : "Dankort",
      "creditCardBrands.DANKORT.errorLabel" : "",      
      "supportedCountries.USA.label" : "USA",
      "supportedCountries.USA.AL.label" : "Alabama",
      "supportedCountries.USA.AK.label" : "Alaska",
      "supportedCountries.USA.AS.label" : "American Samoa",
      "supportedCountries.USA.AZ.label" : "Arizona",
      "supportedCountries.USA.AR.label" : "Arkansas",
      "supportedCountries.USA.CA.label" : "California",
      "supportedCountries.USA.CO.label" : "Colorado",
      "supportedCountries.USA.CT.label" : "Connecticut",
      "supportedCountries.USA.DE.label" : "Delaware",
      "supportedCountries.USA.DC.label" : "District of Columbia",
      "supportedCountries.USA.FM.label" : "Federated States of Micronesia",
      "supportedCountries.USA.FL.label" : "Florida",
      "supportedCountries.USA.GA.label" : "Georgia",
      "supportedCountries.USA.GU.label" : "Guam",
      "supportedCountries.USA.HI.label" : "Hawaii",
      "supportedCountries.USA.ID.label" : "Idaho",
      "supportedCountries.USA.IL.label" : "Illinois",
      "supportedCountries.USA.IN.label" : "Indiana",
      "supportedCountries.USA.IA.label" : "Iowa",
      "supportedCountries.USA.KS.label" : "Kansas",
      "supportedCountries.USA.KY.label" : "Kentucky",
      "supportedCountries.USA.LA.label" : "Louisiana",
      "supportedCountries.USA.ME.label" : "Maine",
      "supportedCountries.USA.MH.label" : "Marshall Islands",
      "supportedCountries.USA.MD.label" : "Maryland",
      "supportedCountries.USA.MA.label" : "Massachusetts",
      "supportedCountries.USA.MI.label" : "Michigan",
      "supportedCountries.USA.MN.label" : "Minnesota",
      "supportedCountries.USA.MS.label" : "Mississippi",
      "supportedCountries.USA.MO.label" : "Missouri",
      "supportedCountries.USA.MT.label" : "Montana",
      "supportedCountries.USA.NE.label" : "Nebraska",
      "supportedCountries.USA.NV.label" : "Nevada",
      "supportedCountries.USA.NH.label" : "New Hampshire",
      "supportedCountries.USA.NJ.label" : "New Jersey",
      "supportedCountries.USA.NM.label" : "New Mexico",
      "supportedCountries.USA.NY.label" : "New York",
      "supportedCountries.USA.NC.label" : "North Carolina",
      "supportedCountries.USA.ND.label" : "North Dakota",
      "supportedCountries.USA.MP.label" : "Northern Mariana Islands",
      "supportedCountries.USA.OH.label" : "Ohio",
      "supportedCountries.USA.OK.label" : "Oklahoma",
      "supportedCountries.USA.OR.label" : "Oregon",
      "supportedCountries.USA.PA.label" : "Pennsylvania",
      "supportedCountries.USA.PR.label" : "Puerto Rico",
      "supportedCountries.USA.RI.label" : "Rhode Island",
      "supportedCountries.USA.PW.label" : "Palau",
      "supportedCountries.USA.SC.label" : "South Carolina",
      "supportedCountries.USA.SD.label" : "South Dakota",
      "supportedCountries.USA.TN.label" : "Tennessee",
      "supportedCountries.USA.TX.label" : "Texas",
      "supportedCountries.USA.UT.label" : "Utah",
      "supportedCountries.USA.VT.label" : "Vermont",
      "supportedCountries.USA.VI.label" : "United States Virgin Islands",
      "supportedCountries.USA.VA.label" : "Virginia",
      "supportedCountries.USA.WA.label" : "Washington",
      "supportedCountries.USA.WV.label" : "West Virginia",
      "supportedCountries.USA.WI.label" : "Wisconsin",
      "supportedCountries.USA.WY.label" : "Wyoming",
      "supportedCountries.CA.label" : "Canada",
      "supportedCountries.CA.AB.label" : "Alberta",
      "supportedCountries.CA.BC.label" : "British Columbia",
      "supportedCountries.CA.MB.label" : "Manitoba",
      "supportedCountries.CA.NB.label" : "New Brunswick",
      "supportedCountries.CA.NL.label" : "Newfoundland and Labrador",
      "supportedCountries.CA.NT.label" : "Northwest Territories",
      "supportedCountries.CA.NS.label" : "Nova Scotia",
      "supportedCountries.CA.NU.label" : "Nunavut",
      "supportedCountries.CA.ON.label" : "Ontario",
      "supportedCountries.CA.PE.label" : "Prince Edward Island",
      "supportedCountries.CA.QC.label" : "Quebec",
      "supportedCountries.CA.SK.label" : "Saskatchewan",
      "supportedCountries.CA.YT.label" : "Yukon",
      "month.1.label" : "1-Jan",
      "month.2.label" : "2-Feb",
      "month.3.label" : "3-Mar",
      "month.4.label" : "4-Apr",
      "month.5.label" : "5-May",
      "month.6.label" : "6-Jun",
      "month.7.label" : "7-Jul",
      "month.8.label" : "8-Aug",
      "month.9.label" : "9-Sept",
      "month.10.label" : "10-Oct",
      "month.11.label" : "11-Nov",
      "month.12.label" : "12-Dec",
      "errorCodes.MissingTokenMsg" : "MissingTokenMsg",
      "errorCodes.MissingConfigIdMsg" : "MissingConfigIdMsg",
      "errorCodes.MissingRedirectionURLMsg" : "MissingRedirectionURLMsg",
      "errorCodes.MissingApiKeyMsg" : "MissingApiKeyMsg",
      "errorCodes.MissingFdCustomerMsg" : "MissingFdCustomerMsg",
      "errorCodes.EncryptionKeyInvalid" : "EncryptionKeyInvalid",
      "errorCodes.RedirectURLErrorMsg" : "RedirectURLErrorMsg",
      "errorCodes.CreditCardLengthError" : "CreditCardLengthError",
      "errorCodes.CVVLengthError" : "CVVLengthError"
    }
  },
  {
    "locale": "es",
    "strings":{

    }
  }]
}
